{"cookie":[{"scale":[[[[0.0,0.6230735182762146,-0.016666666666666666,0.6230735182762146,0.016666666666666666,0.6230735182762146,2]],0],[[[0.0,0.6230736374855042,-0.016666666666666666,0.6230736374855042,0.016666666666666666,0.6230736374855042,2]],0],[[[0.0,-0.6230735182762146,-0.016666666666666666,-0.6230735182762146,0.016666666666666666,-0.6230735182762146,2]],0]],"location":[[[[0.0,-2.7686541080474854,-0.016666666666666666,-2.7686541080474854,0.016666666666666666,-2.7686541080474854,2]],0],[[[0.0,2.520174741744995,-0.016666666666666666,2.520174741744995,0.016666666666666666,2.520174741744995,2]],0],[[[0.0,4.6674485206604,-0.016666666666666666,4.6674485206604,0.016666666666666666,4.6674485206604,2]],0]],"rotation_euler":[[[[0.0,1.3550950288772583,-0.016666666666666666,1.3550950288772583,0.016666666666666666,1.3550950288772583,2]],0],[[[0.0,-0.38734012842178345,-0.016666666666666666,-0.38734012842178345,0.016666666666666666,-0.38734012842178345,2]],0],[[[0.0,-0.028223244473338127,-0.016666666666666666,-0.028223244473338127,0.016666666666666666,-0.028223244473338127,2]],0]]}],"revision":[{"scale":[[[[0.0,1.0,-6.728091430664063,1.0,6.728091430664063,1.0,2],[17.233333333333334,1.0,10.50524190266927,1.0,23.96142578125,1.0,2]],0],[[[0.0,1.0,-6.728091430664063,1.0,6.728091430664063,1.0,2],[17.233333333333334,1.0,10.50524190266927,1.0,23.96142578125,1.0,2]],0],[[[0.0,-1.0,-6.728091430664063,-1.0,6.728091430664063,-1.0,2],[17.233333333333334,-1.0,10.50524190266927,-1.0,23.96142578125,-1.0,2]],0]],"location":[[[[0.0,1.1279315948486328,-6.728091430664063,1.1279315948486328,6.728091430664063,1.1279315948486328,2],[17.233333333333334,0.754709780216217,10.50524190266927,0.754709780216217,23.96142578125,0.754709780216217,2]],0],[[[0.0,2.051318883895874,-6.728091430664063,2.051318883895874,6.728091430664063,2.051318883895874,2],[17.233333333333334,-2.108217477798462,10.50524190266927,-2.108217477798462,23.96142578125,-2.108217477798462,2]],0],[[[0.0,-2.4822216033935547,-6.728091430664063,-2.4822216033935547,6.728091430664063,-2.4822216033935547,2],[17.233333333333334,-4.178646087646484,10.50524190266927,-4.178646087646484,23.96142578125,-4.178646087646484,2]],0]],"rotation_euler":[[[[0.0,1.4910286664962769,-6.728091430664063,1.4910286664962769,6.728091430664063,1.4910286664962769,2],[17.233333333333334,1.4910286664962769,10.50524190266927,1.4910286664962769,23.96142578125,1.4910286664962769,2]],0],[[[0.0,3.0015697479248047,-6.728091430664063,3.0015697479248047,6.728091430664063,3.0015697479248047,2],[17.233333333333334,3.0015697479248047,10.50524190266927,3.0015697479248047,23.96142578125,3.0015697479248047,2]],0],[[[0.0,-0.014101800508797169,-6.728091430664063,-0.014101800508797169,6.728091430664063,-0.014101800508797169,2],[17.233333333333334,-0.014101800508797169,10.50524190266927,-0.014101800508797169,23.96142578125,-0.014101800508797169,2]],0]]}],"TextAction":[{}],"camera":[{"scale":[[[[0.0,1.0000001192092896,-3.559251658121745,1.0000001192092896,3.559251658121745,1.0000001192092896,2],[9.116666666666667,1.0000001192092896,5.557414754231771,1.0000001192092896,12.285506184895834,1.0000001192092896,2],[17.233333333333334,1.0000001192092896,14.064493815104166,1.0000001192092896,20.2525146484375,1.0000001192092896,2],[24.966666666666665,1.0000001192092896,21.9474853515625,1.0000001192092896,27.771122233072916,1.0000001192092896,2],[32.15,1.0000001192092896,29.345544433593748,1.0000001192092896,34.69418131510417,1.0000001192092896,2],[38.666666666666664,1.0000001192092896,36.1224853515625,1.0000001192092896,41.21084798177083,1.0000001192092896,2]],0],[[[0.0,1.0000001192092896,-3.559251658121745,1.0000001192092896,3.559251658121745,1.0000001192092896,2],[9.116666666666667,1.0000001192092896,5.557414754231771,1.0000001192092896,12.285506184895834,1.0000001192092896,2],[17.233333333333334,1.0000001192092896,14.064493815104166,1.0000001192092896,20.2525146484375,1.0000001192092896,2],[24.966666666666665,1.0000001192092896,21.9474853515625,1.0000001192092896,27.771122233072916,1.0000001192092896,2],[32.15,1.0000001192092896,29.345544433593748,1.0000001192092896,34.69418131510417,1.0000001192092896,2],[38.666666666666664,1.0000001192092896,36.1224853515625,1.0000001192092896,41.21084798177083,1.0000001192092896,2]],0],[[[0.0,-1.0000001192092896,-3.559251658121745,-1.0000001192092896,3.559251658121745,-1.0000001192092896,2],[9.116666666666667,-1.0000001192092896,5.557414754231771,-1.0000001192092896,12.285506184895834,-1.0000001192092896,2],[17.233333333333334,-1.0000001192092896,14.064493815104166,-1.0000001192092896,20.2525146484375,-1.0000001192092896,2],[24.966666666666665,-1.0000001192092896,21.9474853515625,-1.0000001192092896,27.771122233072916,-1.0000001192092896,2],[32.15,-1.0000001192092896,29.345544433593748,-1.0000001192092896,34.69418131510417,-1.0000001192092896,2],[38.666666666666664,-1.0000001192092896,36.1224853515625,-1.0000001192092896,41.21084798177083,-1.0000001192092896,2]],0]],"location":[[[[0.0,-3.9985177516937256,-3.559251658121745,-3.9985177516937256,3.559251658121745,-3.9985177516937256,2],[9.116666666666667,5.153191089630127,5.557414754231771,5.153191089630127,12.285506184895834,5.153191089630127,2],[17.233333333333334,2.748391628265381,14.064493815104166,4.864537239074707,20.2525146484375,0.7321872711181641,2],[24.966666666666665,-5.288993835449219,21.9474853515625,-5.288993835449219,27.771122233072916,-5.288993835449219,2],[32.15,2.609708309173584,29.345544433593748,0.5227680206298828,34.69418131510417,4.502964973449707,2],[38.666666666666664,5.142838954925537,36.1224853515625,5.142838954925537,41.21084798177083,5.142838954925537,2]],0],[[[0.0,3.497621774673462,-3.559251658121745,3.497621774673462,3.559251658121745,3.497621774673462,2],[9.116666666666667,2.4459140300750732,5.557414754231771,2.4459140300750732,12.285506184895834,2.4459140300750732,2],[17.233333333333334,2.459634780883789,14.064493815104166,2.4459140300750732,20.2525146484375,2.472707509994507,2],[24.966666666666665,2.9650983810424805,21.9474853515625,2.9650983810424805,27.771122233072916,2.9650983810424805,2],[32.15,2.959843158721924,29.345544433593748,2.9650983810424805,34.69418131510417,2.955075740814209,2],[38.666666666666664,1.593462347984314,36.1224853515625,1.593462347984314,41.21084798177083,1.593462347984314,2]],0],[[[0.0,6.4983086585998535,-3.559251658121745,6.4983086585998535,3.559251658121745,6.4983086585998535,2],[9.116666666666667,2.2834086418151855,5.557414754231771,5.252923965454102,12.285506184895834,-0.3603827953338623,2],[17.233333333333334,-7.50763463973999,14.064493815104166,-7.50763463973999,20.2525146484375,-7.50763463973999,2],[24.966666666666665,0.27349090576171875,21.9474853515625,-2.079519271850586,27.771122233072916,2.459153413772583,2],[32.15,4.242475986480713,29.345544433593748,4.242475986480713,34.69418131510417,4.242475986480713,2],[38.666666666666664,-4.532175540924072,36.1224853515625,-4.532175540924072,41.21084798177083,-4.532175540924072,2]],0]],