{"cookie":[{"scale":[[[[0.0,0.6230735182762146,-0.016666666666666666,0.6230735182762146,0.016666666666666666,0.6230735182762146,2]],0],[[[0.0,0.6230736374855042,-0.016666666666666666,0.6230736374855042,0.016666666666666666,0.6230736374855042,2]],0],[[[0.0,-0.6230735182762146,-0.016666666666666666,-0.6230735182762146,0.016666666666666666,-0.6230735182762146,2]],0]],"location":[[[[0.0,-0.9358566999435425,-0.016666666666666666,-0.9358566999435425,0.016666666666666666,-0.9358566999435425,2]],0],[[[0.0,1.9083633422851562,-0.016666666666666666,1.9083633422851562,0.016666666666666666,1.9083633422851562,2]],0],[[[0.0,2.2471370697021484,-0.016666666666666666,2.2471370697021484,0.016666666666666666,2.2471370697021484,2]],0]],"rotation_euler":[[[[0.0,1.3550950288772583,-0.016666666666666666,1.3550950288772583,0.016666666666666666,1.3550950288772583,2]],0],[[[0.0,-0.38734012842178345,-0.016666666666666666,-0.38734012842178345,0.016666666666666666,-0.38734012842178345,2]],0],[[[0.0,-0.028223244473338127,-0.016666666666666666,-0.028223244473338127,0.016666666666666666,-0.028223244473338127,2]],0]]}],"revision":[{"scale":[[[[0.0,1.0,3.6,1.0,3.6333333333333333,1.0,2]],0],[[[0.0,1.0,3.6,1.0,3.6333333333333333,1.0,2]],0],[[[0.0,-1.0,3.6,-1.0,3.6333333333333333,-1.0,2]],0]],"location":[[[[0.0,1.1279315948486328,3.6,1.1279315948486328,3.6333333333333333,1.1279315948486328,2]],0],[[[0.0,2.051318883895874,3.6,2.051318883895874,3.6333333333333333,2.051318883895874,2]],0],[[[0.0,-2.4822216033935547,3.6,-2.4822216033935547,3.6333333333333333,-2.4822216033935547,2]],0]],"rotation_euler":[[[[0.0,1.4910286664962769,3.6,1.4910286664962769,3.6333333333333333,1.4910286664962769,2]],0],[[[0.0,3.0015697479248047,3.6,3.0015697479248047,3.6333333333333333,3.0015697479248047,2]],0],[[[0.0,-0.014101800508797169,3.6,-0.014101800508797169,3.6333333333333333,-0.014101800508797169,2]],0]]}],"TextAction":[{}],"camera":[{"scale":[[[[0.0,1.0000001192092896,-3.559251658121745,1.0000001192092896,3.559251658121745,1.0000001192092896,2],[9.116666666666667,1.0000001192092896,5.557414754231771,1.0000001192092896,12.285506184895834,1.0000001192092896,2],[17.233333333333334,1.0000001192092896,14.064493815104166,1.0000001192092896,20.2525146484375,1.0000001192092896,2],[24.966666666666665,1.0000001192092896,21.9474853515625,1.0000001192092896,27.771122233072916,1.0000001192092896,2],[32.15,1.0000001192092896,29.345544433593748,1.0000001192092896,34.69418131510417,1.0000001192092896,2],[38.666666666666664,1.0000001192092896,36.1224853515625,1.0000001192092896,41.21084798177083,1.0000001192092896,2]],0],[[[0.0,1.0000001192092896,-3.559251658121745,1.0000001192092896,3.559251658121745,1.0000001192092896,2],[9.116666666666667,1.0000001192092896,5.557414754231771,1.0000001192092896,12.285506184895834,1.0000001192092896,2],[17.233333333333334,1.0000001192092896,14.064493815104166,1.0000001192092896,20.2525146484375,1.0000001192092896,2],[24.966666666666665,1.0000001192092896,21.9474853515625,1.0000001192092896,27.771122233072916,1.0000001192092896,2],[32.15,1.0000001192092896,29.345544433593748,1.0000001192092896,34.69418131510417,1.0000001192092896,2],[38.666666666666664,1.0000001192092896,36.1224853515625,1.0000001192092896,41.21084798177083,1.0000001192092896,2]],0],[[[0.0,-1.0000001192092896,-3.559251658121745,-1.0000001192092896,3.559251658121745,-1.0000001192092896,2],[9.116666666666667,-1.0000001192092896,5.557414754231771,-1.0000001192092896,12.285506184895834,-1.0000001192092896,2],[17.233333333333334,-1.0000001192092896,14.064493815104166,-1.0000001192092896,20.2525146484375,-1.0000001192092896,2],[24.966666666666665,-1.0000001192092896,21.9474853515625,-1.0000001192092896,27.771122233072916,-1.0000001192092896,2],[32.15,-1.0000001192092896,29.345544433593748,-1.0000001192092896,34.69418131510417,-1.0000001192092896,2],[38.666666666666664,-1.0000001192092896,36.1224853515625,-1.0000001192092896,41.21084798177083,-1.0000001192092896,2]],0]],"location":[[[[0.0,-3.9985177516937256,-3.559251658121745,-3.9985177516937256,3.559251658121745,-3.9985177516937256,2],[9.116666666666667,1.8756935596466064,5.557414754231771,1.8756935596466064,12.285506184895834,1.8756935596466064,2],[17.233333333333334,-2.451296091079712,14.064493815104166,-1.02524995803833,20.2525146484375,-3.809993028640747,2],[24.966666666666665,-5.288993835449219,21.9474853515625,-5.288993835449219,27.771122233072916,-5.288993835449219,2],[32.15,2.109072685241699,29.345544433593748,0.012134790420532227,34.69418131510417,4.011399269104004,2],[38.666666666666664,5.142838954925537,36.1224853515625,5.142838954925537,41.21084798177083,5.142838954925537,2]],0],[[[0.0,3.497621774673462,-3.559251658121745,3.497621774673462,3.559251658121745,3.497621774673462,2],[9.116666666666667,0.004166305065155029,5.557414754231771,0.004166305065155029,12.285506184895834,0.004166305065155029,2],[17.233333333333334,1.0563979148864746,14.064493815104166,0.45993804931640625,20.2525146484375,1.6246881484985352,2],[24.966666666666665,2.9650983810424805,21.9474853515625,2.9650983810424805,27.771122233072916,2.9650983810424805,2],[32.15,2.5508832931518555,29.345544433593748,2.837754249572754,34.69418131510417,2.2906363010406494,2],[38.666666666666664,1.593462347984314,36.1224853515625,1.593462347984314,41.21084798177083,1.593462347984314,2]],0],[[[0.0,6.4983086585998535,-3.559251658121745,6.4983086585998535,3.559251658121745,6.4983086585998535,2],[9.116666666666667,-3.0044353008270264,5.557414754231771,-0.6422309875488281,12.285506184895834,-5.1075310707092285,2],[17.233333333333334,-5.317779541015625,14.064493815104166,-5.317779541015625,20.2525146484375,-5.317779541015625,2],[24.966666666666665,0.27349090576171875,21.9474853515625,-1.2026724815368652,27.771122233072916,1.6446685791015625,2],[32.15,2.1041438579559326,29.345544433593748,2.1041438579559326,34.69418131510417,2.1041438579559326,2],[38.666666666666664,-4.532175540924072,36.1224853515625,-4.532175540924072,41.21084798177083,-4.532175540924072,2]],0]],